;line;module;job_id;state;time
0;C;4;41;fetching_job;2022-02-18T02:23:14.067000
84;B;1;22;storing_job;2022-02-18T01:21:16.659600
2;D;4;68;fetching_job;2022-02-18T03:08:06.316999
97;B;5;22;waiting_on_precedent;2022-02-18T01:00:00
226;B;4;22;waiting_on_precedent;2022-02-18T01:00:00
5;C;1;59;processing;2022-02-18T09:20:58.321800
6;C;1;59;storing_job;2022-02-18T09:32:17.818800
7;C;2;64;storing_job;2022-02-18T11:28:44.660999
8;D;2;70;fetching_job;2022-02-18T02:53:32.593400
268;B;5;22;processing;2022-02-18T04:06:10.089600
10;C;3;51;processing;2022-02-18T07:18:14.776000
11;C;3;51;storing_job;2022-02-18T07:32:35.472200
179;A;3;1;fetching_job;2022-02-18T03:31:30.967200
13;C;4;63;waiting_on_precedent;2022-02-18T11:38:57.296400
14;C;4;64;fetching_job;2022-02-18T12:16:13.468000
275;B;4;22;storing_job;2022-02-18T03:52:54.089600
16;C;4;48;processing;2022-02-18T06:01:52.967600
426;B;5;22;storing_job;2022-02-18T04:40:36.226400
18;C;5;54;processing;2022-02-18T08:47:57.259600
344;A;2;1;waiting_on_precedent;2022-02-18T01:00:00
20;C;2;44;storing_job;2022-02-18T03:33:45.710000
21;C;2;60;processing;2022-02-18T10:10:04.777000
22;C;6;60;fetching_job;2022-02-18T11:26:09.792000
470;B;3;22;fetching_job;2022-02-18T02:29:51.559400
24;C;5;41;processing;2022-02-18T02:37:32.067000
534;A;3;1;waiting_on_precedent;2022-02-18T01:00:00
26;C;3;47;processing;2022-02-18T04:38:26.355599
473;B;3;22;waiting_on_precedent;2022-02-18T01:00:00
28;C;5;65;storing_job;2022-02-18T13:14:28.185200
844;A;2;1;processing;2022-02-18T02:31:39.245000
30;C;2;41;waiting_on_precedent;2022-02-18T01:43:51.740800
31;C;3;64;storing_job;2022-02-18T12:11:27.468000
32;D;2;67;fetching_job;2022-02-18T01:42:39.539600
949;A;1;1;processing;2022-02-18T01:10:12
34;C;2;54;storing_job;2022-02-18T07:54:26.366200
35;C;7;57;waiting_on_precedent;2022-02-18T10:37:15.361800
36;C;1;63;processing;2022-02-18T10:37:48.532600
37;C;3;60;processing;2022-02-18T10:33:45.552200
38;C;1;47;fetching_job;2022-02-18T03:59:11.285999
990;A;2;1;storing_job;2022-02-18T03:21:18.967199
1044;A;1;1;storing_job;2022-02-18T02:11:15.245000
41;C;1;46;fetching_job;2022-02-18T03:32:26.927399
613;B;6;22;processing;2022-02-18T04:53:52.226400
43;C;7;42;fetching_job;2022-02-18T03:24:05.829400
44;C;5;59;processing;2022-02-18T10:43:17.552200
1112;A;2;1;fetching_job;2022-02-18T02:21:27.245000
46;C;6;42;storing_job;2022-02-18T03:19:19.829400
47;C;2;59;waiting_on_precedent;2022-02-18T09:25:44.321800
48;D;2;71;fetching_job;2022-02-18T03:14:11.831800
49;C;7;54;processing;2022-02-18T09:24:39.844400
738;B;5;22;fetching_job;2022-02-18T03:59:32.089600
1248;A;1;1;fetching_job;2022-02-18T01:00:00
52;C;6;57;processing;2022-02-18T10:20:05.387400
53;C;2;57;processing;2022-02-18T08:57:41.388600
54;C;6;50;storing_job;2022-02-18T07:46:12.836799
55;D;3;69;storing_job;2022-02-18T03:31:32.722199
746;B;6;22;waiting_on_precedent;2022-02-18T01:00:00
57;C;5;55;fetching_job;2022-02-18T08:52:43.259600
58;C;6;63;waiting_on_precedent;2022-02-18T12:21:27.974400
59;D;3;67;processing;2022-02-18T02:16:25.291200
60;C;4;42;processing;2022-02-18T03:00:15.829400
1349;A;3;1;processing;2022-02-18T03:41:42.967200
62;C;6;49;waiting_on_precedent;2022-02-18T06:49:35.663800
63;C;1;46;storing_job;2022-02-18T03:54:25.285999
762;B;3;22;fetching_job;2022-02-18T02:29:51.559400
779;B;6;22;fetching_job;2022-02-18T04:47:14.226400
66;C;2;43;processing;2022-02-18T03:07:20.425000
785;B;2;22;processing;2022-02-18T01:34:32.659600
68;C;6;48;storing_job;2022-02-18T06:44:49.663800
69;C;4;45;fetching_job;2022-02-18T04:17:03.967999
70;C;4;49;fetching_job;2022-02-18T06:06:38.967600
140;A;2;2;fetching_job;2022-02-18T03:31:30.967200
72;C;2;42;fetching_job;2022-02-18T02:36:25.829400
73;C;1;42;storing_job;2022-02-18T02:31:39.829400
74;C;4;47;processing;2022-02-18T05:52:20.967600
797;B;2;22;fetching_job;2022-02-18T01:27:54.659600
76;C;6;49;processing;2022-02-18T07:04:41.555800
868;B;2;22;waiting_on_precedent;2022-02-18T01:00:00
78;C;1;51;storing_job;2022-02-18T06:41:27.422800
873;B;2;22;storing_job;2022-02-18T02:23:13.559400
287;A;2;2;processing;2022-02-18T03:41:42.967200
81;C;1;52;fetching_job;2022-02-18T06:46:13.422800
320;A;1;2;storing_job;2022-02-18T02:57:10.465600
879;B;4;22;fetching_job;2022-02-18T03:16:49.579400
908;B;1;22;fetching_job;2022-02-18T01:00:00
85;C;3;59;storing_job;2022-02-18T10:24:13.552200
943;B;2;22;waiting_on_precedent;2022-02-18T01:00:00
1057;B;4;22;processing;2022-02-18T03:23:27.579400
1091;B;5;22;fetching_job;2022-02-18T03:59:32.089600
1113;B;1;22;processing;2022-02-18T01:06:38
90;C;6;55;fetching_job;2022-02-18T09:19:53.844400
1227;B;3;22;storing_job;2022-02-18T03:10:11.579400
1312;B;1;22;fetching_job;2022-02-18T01:00:00
93;C;6;63;storing_job;2022-02-18T12:45:13.622000
94;C;6;41;fetching_job;2022-02-18T02:42:18.067000
95;C;4;59;fetching_job;2022-02-18T10:28:59.552200
96;D;3;71;processing;2022-02-18T04:11:18.215199
1325;B;3;22;processing;2022-02-18T02:36:29.559400
92;B;5;23;processing;2022-02-18T04:53:52.226400
99;C;5;59;waiting_on_precedent;2022-02-18T10:27:28.744600
100;C;1;44;processing;2022-02-18T03:07:20.425000
101;C;3;43;processing;2022-02-18T03:16:52.424999
102;C;2;51;fetching_job;2022-02-18T06:46:13.422800
227;B;3;23;fetching_job;2022-02-18T03:16:49.579400
546;A;2;2;storing_job;2022-02-18T04:15:52.560200
105;C;3;49;processing;2022-02-18T05:11:34.362399
106;D;3;72;storing_job;2022-02-18T06:16:06.441799
241;B;4;23;storing_job;2022-02-18T04:37:19.539000
108;D;1;69;storing_job;2022-02-18T02:30:52.033600
109;C;3;58;fetching_job;2022-02-18T09:27:26.842400
110;C;6;44;storing_job;2022-02-18T05:52:20.967600
111;D;3;67;storing_job;2022-02-18T02:43:28.931399
112;D;2;72;fetching_job;2022-02-18T03:32:56.628600
113;C;6;50;fetching_job;2022-02-18T07:26:18.456599
114;D;4;68;waiting_on_precedent;2022-02-18T03:05:55.458799
115;C;5;45;fetching_job;2022-02-18T05:47:34.967600
674;A;3;2;waiting_on_precedent;2022-02-18T04:14:02.268199
117;C;3;64;processing;2022-02-18T12:02:23.870400
118;C;1;54;fetching_job;2022-02-18T07:23:22.233800
119;C;1;57;storing_job;2022-02-18T08:48:09.388600
699;A;3;2;fetching_job;2022-02-18T04:26:04.560200
750;A;1;2;fetching_job;2022-02-18T02:21:27.245000
294;B;4;23;processing;2022-02-18T04:06:10.089600
321;B;2;23;fetching_job;2022-02-18T02:29:51.559400
1031;A;1;2;processing;2022-02-18T02:31:39.245000
125;C;3;48;storing_job;2022-02-18T05:02:02.362399
126;C;5;48;fetching_job;2022-02-18T06:16:10.967600
342;B;6;23;waiting_on_precedent;2022-02-18T05:23:49.986000
128;C;5;46;fetching_job;2022-02-18T05:57:06.967600
129;C;7;53;processing;2022-02-18T08:57:29.259600
130;C;7;49;waiting_on_precedent;2022-02-18T07:20:02.273000
1069;A;3;2;processing;2022-02-18T04:36:16.560200
132;C;1;63;fetching_job;2022-02-18T10:33:02.532600
133;C;4;47;storing_job;2022-02-18T05:52:20.967600
134;C;4;56;fetching_job;2022-02-18T08:56:10.685000
135;C;3;55;waiting_on_precedent;2022-02-18T08:20:15.784200
347;B;3;23;storing_job;2022-02-18T03:23:27.579400
137;C;4;48;fetching_job;2022-02-18T05:57:06.967600
138;C;4;63;processing;2022-02-18T12:02:23.870400
139;C;4;57;storing_job;2022-02-18T09:32:12.842400
124;A;1;3;fetching_job;2022-02-18T03:07:22.465600
131;A;3;3;fetching_job;2022-02-18T05:35:51.738600
539;B;6;23;fetching_job;2022-02-18T05:40:08.857200
143;C;2;56;waiting_on_precedent;2022-02-18T08:21:05.852400
631;B;3;23;processing;2022-02-18T03:23:27.579400
145;D;3;66;processing;2022-02-18T01:44:59.934600
146;C;2;44;processing;2022-02-18T03:16:52.424999
745;B;5;23;storing_job;2022-02-18T05:33:30.857200
148;C;1;43;storing_job;2022-02-18T02:57:48.425000
405;A;1;3;storing_job;2022-02-18T03:36:19.444000
150;C;1;63;storing_job;2022-02-18T10:52:02.076199
151;C;3;61;storing_job;2022-02-18T11:01:12.826400
152;D;3;71;processing;2022-02-18T04:11:18.215199
786;B;1;23;fetching_job;2022-02-18T01:27:54.659600
820;B;4;23;fetching_job;2022-02-18T03:59:32.089600
849;B;4;23;processing;2022-02-18T04:06:10.089600
548;A;1;3;processing;2022-02-18T03:17:34.465600
865;B;5;23;fetching_job;2022-02-18T04:47:14.226400
607;A;2;3;processing;2022-02-18T04:36:16.560200
159;C;2;53;fetching_job;2022-02-18T07:38:02.003600
874;B;2;23;storing_job;2022-02-18T03:06:18.128000
1039;B;6;23;processing;2022-02-18T05:46:46.857200
717;A;3;3;waiting_on_precedent;2022-02-18T05:05:06.306400
163;C;3;65;fetching_job;2022-02-18T12:16:13.468000
164;C;2;43;processing;2022-02-18T03:07:20.425000
165;C;6;41;waiting_on_precedent;2022-02-18T02:21:59.740800
801;A;2;3;fetching_job;2022-02-18T04:26:04.560200
1065;A;3;3;processing;2022-02-18T05:46:03.738600
168;C;2;49;fetching_job;2022-02-18T04:43:12.355599
169;C;3;56;waiting_on_precedent;2022-02-18T08:30:37.852400
1259;B;2;23;processing;2022-02-18T02:36:29.559400
171;C;1;45;processing;2022-02-18T03:16:52.424999
172;C;7;65;idle;2022-02-18T14:07:14.090800
173;D;3;71;fetching_job;2022-02-18T04:07:58.215199
1162;A;2;3;storing_job;2022-02-18T05:25:39.738600
175;C;5;58;storing_job;2022-02-18T10:22:42.744600
1264;B;5;23;processing;2022-02-18T04:53:52.226400
1286;B;1;23;processing;2022-02-18T01:34:32.659600
178;C;4;58;waiting_on_precedent;2022-02-18T09:36:58.842400
12;A;3;4;fetching_job;2022-02-18T06:22:36.711200
181;A;2;4;storing_job;2022-02-18T05:46:03.738600
219;A;1;4;processing;2022-02-18T03:56:43.444000
1291;B;1;23;storing_job;2022-02-18T01:52:53.741400
183;C;5;50;processing;2022-02-18T07:04:41.555800
184;C;6;65;storing_job;2022-02-18T13:28:12.910400
185;C;5;42;storing_job;2022-02-18T03:09:47.829400
88;B;2;24;processing;2022-02-18T03:19:34.128000
526;A;2;4;fetching_job;2022-02-18T05:35:51.738600
188;C;3;47;storing_job;2022-02-18T04:38:26.355599
189;D;4;68;waiting_on_precedent;2022-02-18T03:05:55.458799
91;B;6;24;waiting_on_precedent;2022-02-18T06:14:04.693400
122;B;5;24;processing;2022-02-18T05:48:50.016600
192;C;2;58;processing;2022-02-18T09:20:58.321800
177;B;6;24;processing;2022-02-18T06:46:42.435800
197;B;5;24;waiting_on_precedent;2022-02-18T05:40:08.857200
195;C;4;57;processing;2022-02-18T09:32:12.842400
327;B;2;24;processing;2022-02-18T03:19:34.128000
353;B;6;24;fetching_job;2022-02-18T06:40:04.435800
198;C;1;58;processing;2022-02-18T08:57:41.388600
199;C;5;60;processing;2022-02-18T11:04:06.665000
462;B;6;24;fetching_job;2022-02-18T06:40:04.435800
201;C;1;50;storing_job;2022-02-18T05:02:28.588600
527;B;2;24;fetching_job;2022-02-18T03:12:56.128000
203;C;3;51;fetching_job;2022-02-18T07:13:28.776000
578;B;2;24;storing_job;2022-02-18T03:49:57.622400
205;C;4;59;storing_job;2022-02-18T10:33:45.552200
206;C;4;61;fetching_job;2022-02-18T11:05:58.826400
207;C;3;46;fetching_job;2022-02-18T04:17:03.967999
626;B;4;24;fetching_job;2022-02-18T04:43:57.539000
209;C;3;53;processing;2022-02-18T08:05:57.784200
625;A;2;4;processing;2022-02-18T05:46:03.738600
211;C;3;62;storing_job;2022-02-18T11:24:39.296400
212;D;4;70;processing;2022-02-18T04:11:18.215199
213;C;2;42;processing;2022-02-18T02:41:11.829400
644;B;4;24;storing_job;2022-02-18T05:35:34.016600
215;C;2;41;processing;2022-02-18T02:08:56.067000
683;A;1;4;fetching_job;2022-02-18T03:46:31.444000
217;C;6;49;storing_job;2022-02-18T07:21:32.456599
681;B;1;24;processing;2022-02-18T02:06:09.741400
719;A;3;4;processing;2022-02-18T06:32:48.711200
220;C;4;56;processing;2022-02-18T09:00:56.685000
688;B;3;24;processing;2022-02-18T04:03:13.622400
907;A;1;4;processing;2022-02-18T03:56:43.444000
223;C;1;60;storing_job;2022-02-18T10:00:32.777000
965;A;1;4;storing_job;2022-02-18T04:30:47.522400
225;C;1;56;fetching_job;2022-02-18T07:59:12.366200
917;B;1;24;storing_job;2022-02-18T02:25:48.027599
924;B;5;24;fetching_job;2022-02-18T05:42:12.016600
999;B;3;24;storing_job;2022-02-18T04:32:18.074200
251;A;1;5;processing;2022-02-18T04:51:11.522400
230;C;4;40;waiting_on_precedent;2022-02-18T01:00:00
231;C;7;49;fetching_job;2022-02-18T07:26:18.456599
1090;B;3;24;waiting_on_precedent;2022-02-18T03:30:05.579400
233;C;4;65;processing;2022-02-18T12:39:27.913000
234;C;5;43;storing_job;2022-02-18T05:33:16.967600
235;C;6;40;waiting_on_precedent;2022-02-18T01:00:00
236;C;2;65;idle;2022-02-18T12:01:19.393000
237;C;4;55;processing;2022-02-18T08:46:57.654600
295;A;2;5;processing;2022-02-18T06:06:27.738600
423;A;3;5;processing;2022-02-18T07:22:08.092600
1107;B;4;24;processing;2022-02-18T04:50:35.539000
1139;B;5;24;storing_job;2022-02-18T06:33:26.435800
242;C;4;55;fetching_job;2022-02-18T08:42:11.654600
243;C;6;53;storing_job;2022-02-18T08:47:57.259600
244;C;6;57;processing;2022-02-18T10:20:05.387400
245;D;3;73;fetching_job;2022-02-18T06:19:26.441799
246;C;7;45;processing;2022-02-18T06:23:48.942000
247;D;1;69;fetching_job;2022-02-18T02:02:02.483600
248;D;3;67;fetching_job;2022-02-18T02:13:05.291200
249;C;5;48;processing;2022-02-18T06:20:56.967600
480;A;3;5;fetching_job;2022-02-18T07:11:56.092600
485;A;3;5;fetching_job;2022-02-18T07:11:56.092600
252;C;5;47;processing;2022-02-18T06:11:24.967600
253;C;3;57;storing_job;2022-02-18T09:22:40.842400
254;C;5;43;fetching_job;2022-02-18T03:48:15.631000
255;D;4;70;fetching_job;2022-02-18T04:07:58.215199
256;C;7;52;waiting_on_precedent;2022-02-18T08:22:41.116400
257;C;7;59;fetching_job;2022-02-18T11:20:57.461800
258;C;1;49;processing;2022-02-18T04:35:18.003799
259;C;6;63;processing;2022-02-18T12:30:26.699600
1225;B;1;24;fetching_job;2022-02-18T01:59:31.741400
261;C;3;57;waiting_on_precedent;2022-02-18T08:56:10.685000
262;C;7;48;processing;2022-02-18T07:06:00.650400
1330;B;3;24;fetching_job;2022-02-18T03:56:35.622400
264;C;5;40;waiting_on_precedent;2022-02-18T01:00:00
265;C;3;61;processing;2022-02-18T10:52:04.460400
15;B;6;25;processing;2022-02-18T08:02:33.878400
87;B;4;25;storing_job;2022-02-18T07:05:25.516600
157;B;3;25;processing;2022-02-18T04:53:30.168000
269;C;2;60;fetching_job;2022-02-18T10:05:18.777000
270;C;5;62;storing_job;2022-02-18T12:01:19.497000
271;C;1;51;processing;2022-02-18T05:12:00.588600
221;B;3;25;storing_job;2022-02-18T04:53:30.168000
491;A;1;5;storing_job;2022-02-18T05:33:54.732400
274;C;6;48;waiting_on_precedent;2022-02-18T06:37:19.154000
228;B;2;25;storing_job;2022-02-18T04:40:14.168000
547;A;2;5;fetching_job;2022-02-18T05:56:15.738600
277;C;7;50;waiting_on_precedent;2022-02-18T07:31:04.456599
368;B;1;25;processing;2022-02-18T02:39:04.027599
279;C;3;54;fetching_job;2022-02-18T08:10:43.784200
537;B;6;25;waiting_on_precedent;2022-02-18T07:06:06.016400
281;C;5;47;storing_job;2022-02-18T06:11:24.967600
282;D;4;73;idle;2022-02-18T07:19:04.580399
283;C;3;60;storing_job;2022-02-18T10:42:32.460400
614;B;4;25;fetching_job;2022-02-18T05:42:12.016600
676;B;4;25;processing;2022-02-18T05:48:50.016600
286;C;6;41;storing_job;2022-02-18T02:47:04.067000
871;A;2;5;storing_job;2022-02-18T06:52:15.847600
288;D;4;66;processing;2022-02-18T02:16:25.291200
289;C;2;55;processing;2022-02-18T08:03:58.366200
290;C;2;50;waiting_on_precedent;2022-02-18T04:52:44.355599
1172;A;1;5;fetching_job;2022-02-18T04:40:59.522400
292;C;1;55;fetching_job;2022-02-18T07:49:40.366200
167;A;3;6;fetching_job;2022-02-18T08:04:07.903000
706;B;3;25;waiting_on_precedent;2022-02-18T04:38:56.074200
293;A;1;6;processing;2022-02-18T05:54:18.732400
296;C;4;49;storing_job;2022-02-18T06:25:59.969000
297;C;4;65;idle;2022-02-18T12:44:13.913000
516;A;3;6;processing;2022-02-18T08:14:19.903000
726;B;1;25;fetching_job;2022-02-18T02:32:26.027599
802;B;3;25;fetching_job;2022-02-18T04:46:52.168000
733;A;1;6;storing_job;2022-02-18T06:24:27.521200
819;B;2;25;processing;2022-02-18T04:03:13.622400
303;C;4;46;processing;2022-02-18T04:39:42.650000
901;B;5;25;processing;2022-02-18T07:18:41.516600
305;C;4;52;processing;2022-02-18T08:05:57.784200
904;B;5;25;waiting_on_precedent;2022-02-18T06:40:04.435800
307;C;2;50;storing_job;2022-02-18T05:27:54.268600
308;C;7;60;fetching_job;2022-02-18T11:48:19.967600
309;D;2;69;processing;2022-02-18T02:37:32.033600
310;C;5;42;fetching_job;2022-02-18T03:05:01.829400
311;C;5;63;storing_job;2022-02-18T12:20:54.699600
312;C;7;40;fetching_job;2022-02-18T02:21:59.740800
1040;B;2;25;fetching_job;2022-02-18T03:56:35.622400
314;C;4;61;processing;2022-02-18T11:10:44.826400
1127;B;5;25;fetching_job;2022-02-18T07:12:03.516600
316;C;7;57;processing;2022-02-18T10:48:58.492800
317;C;2;65;waiting_on_precedent;2022-02-18T11:33:30.660999
318;C;7;63;waiting_on_precedent;2022-02-18T12:47:22.472800
1175;B;1;25;storing_job;2022-02-18T02:52:51.217600
894;A;3;6;waiting_on_precedent;2022-02-18T07:47:55.857000
1250;B;6;25;fetching_job;2022-02-18T07:55:55.878400
322;C;6;58;storing_job;2022-02-18T10:48:58.492800
323;D;3;73;storing_job;2022-02-18T06:39:20.653199
324;C;2;47;fetching_job;2022-02-18T04:08:43.285999
325;C;7;63;processing;2022-02-18T12:54:45.622000
1328;B;5;25;storing_job;2022-02-18T07:49:17.878400
98;B;4;26;fetching_job;2022-02-18T07:12:03.516600
328;C;5;57;processing;2022-02-18T09:52:28.576400
329;D;3;72;fetching_job;2022-02-18T04:32:31.105199
363;B;6;26;fetching_job;2022-02-18T08:36:11.332600
331;C;2;60;storing_job;2022-02-18T10:10:04.777000
467;B;1;26;processing;2022-02-18T03:06:07.217600
981;A;2;6;storing_job;2022-02-18T07:53:55.903000
334;D;2;67;waiting_on_precedent;2022-02-18T01:41:39.934600
471;B;5;26;storing_job;2022-02-18T08:29:33.332600
1027;A;1;6;storing_job;2022-02-18T06:24:27.521200
337;D;1;67;fetching_job;2022-02-18T01:19:34.865000
338;C;4;56;fetching_job;2022-02-18T08:56:10.685000
508;B;3;26;storing_job;2022-02-18T06:23:52.917400
340;C;3;56;storing_job;2022-02-18T08:51:24.685000
341;C;4;45;fetching_job;2022-02-18T04:17:03.967999
555;B;2;26;processing;2022-02-18T04:53:30.168000
343;C;5;53;processing;2022-02-18T08:38:25.259600
1206;A;1;6;fetching_job;2022-02-18T05:44:06.732400
574;B;3;26;fetching_job;2022-02-18T05:45:32.380399
346;C;1;55;processing;2022-02-18T07:54:26.366200
630;B;3;26;storing_job;2022-02-18T06:23:52.917400
348;C;6;51;storing_job;2022-02-18T08:13:09.116400
349;C;1;56;storing_job;2022-02-18T08:21:39.335200
350;C;4;48;processing;2022-02-18T06:01:52.967600
1314;A;2;6;processing;2022-02-18T07:12:39.847600
352;C;7;64;fetching_job;2022-02-18T13:23:26.910400
669;B;3;26;processing;2022-02-18T05:52:10.380400
798;B;5;26;storing_job;2022-02-18T08:29:33.332600
355;C;2;54;processing;2022-02-18T07:54:26.366200
800;B;2;26;storing_job;2022-02-18T05:38:54.380399
812;B;4;26;processing;2022-02-18T07:18:41.516600
1373;A;2;6;fetching_job;2022-02-18T07:02:27.847600
831;B;1;26;storing_job;2022-02-18T03:25:08.739800
360;C;4;64;processing;2022-02-18T12:20:59.468000
361;C;5;63;waiting_on_precedent;2022-02-18T12:06:05.497000
362;C;4;60;fetching_job;2022-02-18T10:47:18.460400
839;B;2;26;fetching_job;2022-02-18T04:46:52.168000
364;C;2;52;storing_job;2022-02-18T07:33:16.003600
365;C;5;41;storing_job;2022-02-18T02:37:32.067000
366;C;3;43;fetching_job;2022-02-18T03:12:06.425000
367;A;1;7;fetching_job;2022-02-18T06:34:39.521200
1062;B;6;26;waiting_on_precedent;2022-02-18T08:28:03.260800
1197;B;5;26;fetching_job;2022-02-18T07:55:55.878400
370;C;3;42;storing_job;2022-02-18T02:50:43.829400
371;C;3;54;storing_job;2022-02-18T08:15:29.784200
372;C;3;42;fetching_job;2022-02-18T02:45:57.829400
373;C;7;61;processing;2022-02-18T12:16:41.974400
1254;B;6;26;processing;2022-02-18T08:42:49.332600
375;C;4;62;processing;2022-02-18T11:34:11.296400
376;C;6;40;processing;2022-02-18T02:17:13.740800
377;C;7;47;processing;2022-02-18T07:01:14.650400
1278;B;4;26;processing;2022-02-18T07:18:41.516600
379;C;5;52;fetching_job;2022-02-18T08:10:43.784200
380;C;2;62;processing;2022-02-18T10:37:48.532600
391;A;1;7;processing;2022-02-18T06:44:51.521200
382;C;6;43;processing;2022-02-18T05:42:48.967600
383;C;4;61;waiting_on_precedent;2022-02-18T10:56:50.460400
384;C;4;44;processing;2022-02-18T04:12:17.967999
1334;B;1;26;fetching_job;2022-02-18T02:59:29.217600
386;C;2;46;storing_job;2022-02-18T04:03:57.285999
387;C;2;46;processing;2022-02-18T04:03:57.285999
388;C;4;43;waiting_on_precedent;2022-02-18T03:05:01.829400
1379;B;4;26;storing_job;2022-02-18T07:45:46.485400
1383;B;3;26;waiting_on_precedent;2022-02-18T05:00:08.168000
536;A;2;7;processing;2022-02-18T08:14:19.903000
392;D;3;71;storing_job;2022-02-18T04:29:11.105199
1391;B;5;26;processing;2022-02-18T08:02:33.878400
394;D;2;71;processing;2022-02-18T03:17:31.831800
395;C;3;63;processing;2022-02-18T11:34:11.296400
396;C;3;45;storing_job;2022-02-18T04:12:17.967999
397;D;1;67;processing;2022-02-18T01:22:54.865000
398;C;5;64;waiting_on_precedent;2022-02-18T12:25:40.699600
1395;B;1;26;storing_job;2022-02-18T03:25:08.739800
400;C;2;61;fetching_job;2022-02-18T10:23:30.532600
401;D;3;73;idle;2022-02-18T06:42:40.653199
23;B;6;27;processing;2022-02-18T09:36:40.947600
77;B;1;27;storing_job;2022-02-18T04:05:26.032200
404;C;2;56;storing_job;2022-02-18T08:41:52.685000
583;A;1;7;storing_job;2022-02-18T07:06:58.701600
728;A;3;7;processing;2022-02-18T09:30:14.721400
747;A;2;7;fetching_job;2022-02-18T08:04:07.903000
408;D;1;69;storing_job;2022-02-18T02:30:52.033600
409;C;3;58;storing_job;2022-02-18T09:46:40.691200
1002;A;3;7;fetching_job;2022-02-18T09:20:02.721400
1072;A;1;7;processing;2022-02-18T06:44:51.521200
412;C;3;54;processing;2022-02-18T08:15:29.784200
123;B;5;27;fetching_job;2022-02-18T08:38:54.932400
414;D;1;73;storing_job;2022-02-18T03:49:54.409200
170;B;3;27;processing;2022-02-18T06:44:26.409000
193;B;5;27;processing;2022-02-18T08:45:32.932400
417;D;4;73;fetching_job;2022-02-18T06:49:52.466199
418;C;2;52;fetching_job;2022-02-18T07:13:28.776000
302;B;4;27;fetching_job;2022-02-18T07:52:24.485400
420;C;5;40;processing;2022-02-18T02:07:41.740800
421;C;4;53;fetching_job;2022-02-18T08:10:43.784200
385;B;5;27;storing_job;2022-02-18T09:23:24.947600
1089;A;2;7;storing_job;2022-02-18T09:09:50.721400
413;B;6;27;processing;2022-02-18T09:36:40.947600
425;C;6;48;storing_job;2022-02-18T06:44:49.663800
428;B;1;27;fetching_job;2022-02-18T03:31:46.739800
427;C;2;59;processing;2022-02-18T09:41:49.818800
477;B;6;27;fetching_job;2022-02-18T09:30:02.947600
588;B;2;27;processing;2022-02-18T05:52:10.380400
1129;A;2;7;storing_job;2022-02-18T09:09:50.721400
615;B;5;27;waiting_on_precedent;2022-02-18T08:36:11.332600
432;C;4;40;fetching_job;2022-02-18T01:53:23.740800
1315;A;3;7;waiting_on_precedent;2022-02-18T08:14:19.903000
616;B;1;27;processing;2022-02-18T03:38:24.739800
667;B;3;27;storing_job;2022-02-18T06:44:26.409000
436;C;3;59;processing;2022-02-18T10:06:32.583200
680;B;3;27;waiting_on_precedent;2022-02-18T06:30:30.917400
210;A;2;8;fetching_job;2022-02-18T09:20:02.721400
764;B;2;27;storing_job;2022-02-18T06:31:10.409000
440;C;5;55;processing;2022-02-18T08:57:29.259600
441;C;3;49;waiting_on_next;2022-02-18T05:25:35.984999
442;C;2;60;waiting_on_precedent;2022-02-18T10:01:46.583200
443;C;4;40;storing_job;2022-02-18T01:58:09.740800
979;B;2;27;fetching_job;2022-02-18T05:45:32.380399
445;C;4;64;storing_job;2022-02-18T12:20:59.468000
446;C;2;63;storing_job;2022-02-18T11:01:34.076199
406;A;3;8;processing;2022-02-18T10:26:07.357000
448;C;5;52;waiting_on_precedent;2022-02-18T07:56:25.472200
449;C;5;56;processing;2022-02-18T09:23:11.629000
450;C;1;60;fetching_job;2022-02-18T09:37:03.818800
507;A;1;8;storing_job;2022-02-18T08:02:40.308000
452;D;4;72;fetching_job;2022-02-18T06:19:26.441799
453;C;5;50;storing_job;2022-02-18T07:17:48.341800
523;A;3;8;waiting_on_precedent;2022-02-18T09:58:09.321600
455;C;2;53;processing;2022-02-18T07:42:48.003600
456;D;3;68;fetching_job;2022-02-18T02:46:48.931399
457;C;7;43;processing;2022-02-18T05:52:20.967600
458;C;1;63;fetching_job;2022-02-18T10:33:02.532600
1021;B;4;27;storing_job;2022-02-18T08:32:16.932400
460;C;5;61;processing;2022-02-18T11:30:55.792000
461;C;4;43;processing;2022-02-18T03:43:29.631000
1155;B;4;27;processing;2022-02-18T07:59:02.485400
1201;B;6;27;waiting_on_precedent;2022-02-18T09:01:34.311000
464;C;5;55;storing_job;2022-02-18T09:12:32.871400
577;A;2;8;storing_job;2022-02-18T10:05:43.357000
466;C;3;40;fetching_job;2022-02-18T01:43:51.740800
1203;B;3;27;fetching_job;2022-02-18T06:37:48.409000
468;C;2;58;storing_job;2022-02-18T09:20:58.321800
469;C;5;42;processing;2022-02-18T03:09:47.829400
1284;B;3;27;processing;2022-02-18T06:44:26.409000
50;B;1;28;storing_job;2022-02-18T04:53:30.168000
472;D;2;69;fetching_job;2022-02-18T02:34:12.033600
191;B;3;28;waiting_on_precedent;2022-02-18T06:51:04.409000
474;C;2;51;fetching_job;2022-02-18T06:46:13.422800
200;B;6;28;waiting_on_precedent;2022-02-18T09:58:27.907800
737;A;1;8;processing;2022-02-18T07:27:22.701600
330;B;5;28;waiting_on_precedent;2022-02-18T09:30:02.947600
478;C;5;47;fetching_job;2022-02-18T06:06:38.967600
875;A;3;8;fetching_job;2022-02-18T10:15:55.357000
902;A;1;8;fetching_job;2022-02-18T07:17:10.701600
481;C;7;64;processing;2022-02-18T13:28:12.910400
482;C;1;57;processing;2022-02-18T08:31:11.335200
483;C;2;43;storing_job;2022-02-18T03:07:20.425000
484;C;7;42;waiting_on_precedent;2022-02-18T02:56:36.067000
1050;A;2;8;storing_job;2022-02-18T10:05:43.357000
1108;A;2;8;processing;2022-02-18T09:30:14.721400
339;B;5;28;storing_job;2022-02-18T10:11:47.524800
357;B;1;28;fetching_job;2022-02-18T04:12:04.032200
522;B;4;28;storing_job;2022-02-18T09:23:47.006000
490;C;6;56;storing_job;2022-02-18T10:10:33.387400
71;A;3;9;processing;2022-02-18T11:35:01.227600
635;B;2;28;storing_job;2022-02-18T07:24:32.612800
493;D;1;71;storing_job;2022-02-18T03:10:01.763600
494;C;2;64;waiting_on_precedent;2022-02-18T11:06:20.076199
666;B;3;28;storing_job;2022-02-18T07:58:56.970800
496;D;2;69;waiting_on_precedent;2022-02-18T02:20:59.201400
497;C;2;65;fetching_job;2022-02-18T11:51:47.393000
498;C;1;61;storing_job;2022-02-18T10:18:44.532600
499;C;3;59;waiting_on_precedent;2022-02-18T09:51:26.691200
500;D;2;69;storing_job;2022-02-18T02:50:12.593400
501;D;3;70;storing_job;2022-02-18T04:04:38.215199
502;C;2;54;fetching_job;2022-02-18T07:49:40.366200
273;A;3;9;fetching_job;2022-02-18T11:24:49.227600
504;C;1;50;processing;2022-02-18T04:44:50.003799
505;C;2;58;fetching_job;2022-02-18T09:16:12.321800
743;B;5;28;fetching_job;2022-02-18T09:30:25.006000
532;A;2;9;fetching_job;2022-02-18T10:15:55.357000
892;B;2;28;fetching_job;2022-02-18T06:37:48.409000
509;C;4;53;processing;2022-02-18T08:15:29.784200
966;B;1;28;waiting_on_next;2022-02-18T04:35:03.631000
994;B;6;28;fetching_job;2022-02-18T10:18:25.524800
512;C;6;41;waiting_on_precedent;2022-02-18T02:21:59.740800
657;A;3;9;waiting_on_precedent;2022-02-18T10:58:15.628800
514;C;1;53;fetching_job;2022-02-18T06:55:45.422800
515;C;2;50;processing;2022-02-18T05:12:00.588600
711;A;1;9;storing_job;2022-02-18T09:01:56.983800
1016;B;4;28;processing;2022-02-18T08:45:32.932400
518;C;6;40;storing_job;2022-02-18T02:17:13.740800
519;C;6;57;fetching_job;2022-02-18T10:15:19.387400
520;D;4;67;waiting_on_precedent;2022-02-18T02:29:22.540400
521;C;3;62;processing;2022-02-18T11:10:44.826400
1054;B;6;28;processing;2022-02-18T10:25:03.524800
838;A;1;9;fetching_job;2022-02-18T08:12:52.308000
524;C;6;62;storing_job;2022-02-18T12:16:41.974400
1076;B;5;28;processing;2022-02-18T09:37:03.006000
1033;A;2;9;processing;2022-02-18T10:26:07.357000
1078;B;3;28;processing;2022-02-18T07:37:48.612800
528;C;4;40;processing;2022-02-18T01:58:09.740800
529;C;3;45;storing_job;2022-02-18T04:12:17.967999
530;C;5;62;fetching_job;2022-02-18T11:44:50.158000
1189;B;4;28;fetching_job;2022-02-18T08:38:54.932400
1150;A;2;9;storing_job;2022-02-18T11:14:37.227600
533;C;4;63;storing_job;2022-02-18T12:02:23.870400
1161;A;1;9;processing;2022-02-18T08:23:04.308000
535;C;2;51;waiting_on_precedent;2022-02-18T05:32:40.268600
166;A;3;10;processing;2022-02-18T12:04:55.190200
1198;B;2;28;processing;2022-02-18T06:44:26.409000
538;C;4;61;storing_job;2022-02-18T11:10:44.826400
1199;B;3;28;fetching_job;2022-02-18T07:31:10.612800
1288;B;1;28;processing;2022-02-18T04:18:42.032200
541;D;1;67;storing_job;2022-02-18T01:39:19.539600
1316;B;1;28;storing_job;2022-02-18T04:53:30.168000
543;D;1;71;fetching_job;2022-02-18T02:49:41.326000
544;C;5;60;storing_job;2022-02-18T11:21:23.792000
545;C;4;60;fetching_job;2022-02-18T10:47:18.460400
229;A;3;10;fetching_job;2022-02-18T11:54:43.190200
239;A;3;10;fetching_job;2022-02-18T11:54:43.190200
451;A;1;10;fetching_job;2022-02-18T09:12:08.983800
9;B;1;29;processing;2022-02-18T05:06:46.168000
550;C;4;60;storing_job;2022-02-18T10:52:04.460400
671;A;2;10;storing_job;2022-02-18T11:35:01.227600
1229;A;1;10;processing;2022-02-18T09:22:20.983800
553;C;7;63;fetching_job;2022-02-18T12:49:59.622000
554;C;6;47;processing;2022-02-18T06:20:56.967600
79;B;5;29;waiting_on_precedent;2022-02-18T10:18:25.524800
136;B;4;29;fetching_job;2022-02-18T09:30:25.006000
557;C;2;40;processing;2022-02-18T01:39:05.740800
558;D;1;72;fetching_job;2022-02-18T03:13:21.763600
559;C;7;52;processing;2022-02-18T08:47:57.259600
560;C;1;45;fetching_job;2022-02-18T03:12:06.425000
561;C;4;49;processing;2022-02-18T06:11:24.967600
562;D;2;70;processing;2022-02-18T02:56:52.593400
155;B;6;29;fetching_job;2022-02-18T10:53:58.785600
1277;A;2;10;fetching_job;2022-02-18T11:24:49.227600
565;C;2;41;fetching_job;2022-02-18T02:04:10.067000
566;C;3;40;waiting_on_precedent;2022-02-18T01:00:00
567;C;1;58;fetching_job;2022-02-18T08:52:55.388600
299;B;4;29;processing;2022-02-18T09:37:03.006000
569;C;5;42;waiting_on_precedent;2022-02-18T02:42:18.067000
570;C;3;42;storing_job;2022-02-18T02:50:43.829400
571;C;3;52;processing;2022-02-18T07:42:48.003600
572;C;5;45;processing;2022-02-18T05:52:20.967600
573;C;3;40;storing_job;2022-02-18T01:48:37.740800
345;B;1;29;storing_job;2022-02-18T05:52:10.380400
575;C;1;41;fetching_job;2022-02-18T01:34:19.740800
374;B;3;29;fetching_job;2022-02-18T08:22:59.068400
1287;A;2;10;processing;2022-02-18T11:35:01.227600
431;B;1;29;fetching_job;2022-02-18T05:00:08.168000
579;C;5;65;idle;2022-02-18T13:19:14.185200
580;C;6;64;waiting_on_precedent;2022-02-18T12:49:59.622000
581;C;4;65;storing_job;2022-02-18T12:39:27.913000
434;B;6;29;processing;2022-02-18T11:00:36.785600
1344;A;1;10;storing_job;2022-02-18T09:49:46.172800
584;C;4;62;waiting_on_precedent;2022-02-18T11:15:30.826400
585;C;7;42;processing;2022-02-18T03:28:51.829400
586;C;6;48;processing;2022-02-18T06:44:49.663800
587;C;4;46;fetching_job;2022-02-18T04:34:56.650000
582;B;5;29;fetching_job;2022-02-18T10:24:31.326600
589;C;1;65;storing_job;2022-02-18T11:47:01.393000
590;C;6;64;processing;2022-02-18T12:59:22.189200
591;C;3;62;fetching_job;2022-02-18T11:05:58.826400
606;B;2;29;processing;2022-02-18T07:37:48.612800
634;B;4;29;storing_job;2022-02-18T10:17:53.326600
594;C;6;51;fetching_job;2022-02-18T07:56:25.472200
595;C;6;60;processing;2022-02-18T11:30:55.792000
596;C;7;50;processing;2022-02-18T07:55:44.836799
597;D;2;66;waiting_on_precedent;2022-02-18T01:00:00
598;C;7;44;fetching_job;2022-02-18T05:57:06.967600
599;C;6;61;fetching_job;2022-02-18T11:48:19.967600
600;C;7;44;waiting_on_precedent;2022-02-18T05:52:20.967600
601;C;1;44;processing;2022-02-18T03:07:20.425000
826;B;5;29;processing;2022-02-18T10:31:09.326600
61;A;2;11;storing_job;2022-02-18T12:56:28.760200
604;C;6;56;storing_job;2022-02-18T10:10:33.387400
605;C;6;44;processing;2022-02-18T05:52:20.967600
963;B;1;29;storing_job;2022-02-18T05:52:10.380400
156;A;3;11;waiting_on_precedent;2022-02-18T13:02:54.902800
608;C;6;46;fetching_job;2022-02-18T06:06:38.967600
1048;B;1;29;waiting_on_next;2022-02-18T05:31:05.698800
610;C;7;45;fetching_job;2022-02-18T06:19:02.942000
611;C;2;40;waiting_on_precedent;2022-02-18T01:00:00
612;C;5;51;storing_job;2022-02-18T07:51:39.472200
1095;B;2;29;fetching_job;2022-02-18T07:31:10.612800
1173;B;5;29;waiting_on_precedent;2022-02-18T10:18:25.524800
1178;B;3;29;storing_job;2022-02-18T08:50:49.102800
1212;B;3;29;processing;2022-02-18T08:29:37.068400
617;D;4;70;waiting_on_precedent;2022-02-18T03:54:08.786400
618;C;3;48;processing;2022-02-18T04:47:58.355599
619;C;1;48;storing_job;2022-02-18T04:25:46.003799
620;C;3;58;processing;2022-02-18T09:32:12.842400
621;C;1;41;storing_job;2022-02-18T01:59:24.067000
1362;B;5;29;storing_job;2022-02-18T10:31:09.326600
623;D;1;69;processing;2022-02-18T02:05:22.483600
624;C;4;41;processing;2022-02-18T02:28:00.067000
158;A;2;11;fetching_job;2022-02-18T11:45:13.227600
1376;B;2;29;storing_job;2022-02-18T08:16:21.068400
1389;B;3;29;waiting_on_precedent;2022-02-18T08:05:34.970800
180;A;1;11;processing;2022-02-18T10:10:10.172800
144;B;5;30;processing;2022-02-18T11:24:55.427000
160;B;4;30;fetching_job;2022-02-18T10:24:31.326600
208;B;1;30;storing_job;2022-02-18T06:44:26.409000
313;B;5;30;fetching_job;2022-02-18T11:18:17.427000
633;C;7;60;processing;2022-02-18T11:53:05.967600
354;B;2;30;storing_job;2022-02-18T09:05:47.982600
359;B;1;30;waiting_on_next;2022-02-18T06:22:52.316199
636;C;5;60;fetching_job;2022-02-18T10:59:20.665000
444;B;5;30;storing_job;2022-02-18T11:51:30.984600
638;C;5;45;storing_job;2022-02-18T05:52:20.967600
639;C;2;56;fetching_job;2022-02-18T08:26:25.335200
640;C;4;43;storing_job;2022-02-18T03:43:29.631000
641;C;2;61;processing;2022-02-18T10:28:16.532600
492;B;3;30;waiting_on_precedent;2022-02-18T08:57:27.102800
643;C;7;54;waiting_on_precedent;2022-02-18T09:13:08.634400
510;B;6;30;processing;2022-02-18T12:04:46.984600
531;B;1;30;processing;2022-02-18T06:05:26.380400
646;C;3;54;storing_job;2022-02-18T08:15:29.784200
647;D;2;66;processing;2022-02-18T01:22:54.865000
648;C;3;65;idle;2022-02-18T12:34:41.913000
649;C;4;45;storing_job;2022-02-18T04:30:10.650000
804;B;5;30;waiting_on_precedent;2022-02-18T10:37:47.326600
651;C;2;42;waiting_on_precedent;2022-02-18T02:13:42.067000
652;C;3;63;fetching_job;2022-02-18T11:29:25.296400
653;D;4;69;processing;2022-02-18T03:38:12.722199
654;C;3;52;fetching_job;2022-02-18T07:38:02.003600
835;B;3;30;fetching_job;2022-02-18T09:12:25.982600
656;D;4;73;idle;2022-02-18T07:19:04.580399
828;A;1;11;waiting_on_next;2022-02-18T10:10:10.172800
658;C;4;41;storing_job;2022-02-18T02:28:00.067000
659;C;6;63;storing_job;2022-02-18T12:45:13.622000
837;B;5;30;waiting_on_precedent;2022-02-18T10:37:47.326600
852;B;2;30;processing;2022-02-18T08:29:37.068400
662;C;3;44;fetching_job;2022-02-18T03:38:43.631000
663;C;1;52;processing;2022-02-18T06:50:59.422800
664;C;6;58;processing;2022-02-18T10:48:58.492800
853;B;4;30;processing;2022-02-18T10:31:09.326600
880;B;1;30;waiting_on_next;2022-02-18T06:22:52.316199
881;B;3;30;storing_job;2022-02-18T09:45:10.129000
668;C;4;65;fetching_job;2022-02-18T12:34:41.913000
925;B;2;30;fetching_job;2022-02-18T08:22:59.068400
950;B;1;30;fetching_job;2022-02-18T05:58:48.380400
989;A;3;11;processing;2022-02-18T13:16:52.760200
1001;B;4;30;processing;2022-02-18T10:31:09.326600
673;C;7;58;waiting_on_precedent;2022-02-18T10:48:58.492800
1008;A;1;11;storing_job;2022-02-18T10:26:07.357000
675;D;4;68;processing;2022-02-18T03:11:26.316999
1004;B;4;30;storing_job;2022-02-18T11:11:39.427000
1204;A;1;11;fetching_job;2022-02-18T09:59:58.172800
1221;A;3;11;fetching_job;2022-02-18T13:06:40.760200
679;C;5;56;fetching_job;2022-02-18T09:18:25.629000
1219;B;5;30;processing;2022-02-18T11:24:55.427000
1226;B;3;30;processing;2022-02-18T09:19:03.982600
682;D;1;72;storing_job;2022-02-18T03:27:04.039800
1222;A;2;11;processing;2022-02-18T11:55:25.227600
29;A;3;12;fetching_job;2022-02-18T14:18:01.686800
685;C;2;49;storing_job;2022-02-18T04:47:58.355599
686;D;1;66;processing;2022-02-18T01:03:20
687;D;3;73;processing;2022-02-18T06:22:46.441799
1355;B;6;30;fetching_job;2022-02-18T11:58:08.984600
51;A;2;12;storing_job;2022-02-18T14:07:49.686800
690;D;1;70;fetching_job;2022-02-18T02:34:12.033600
691;C;5;49;fetching_job;2022-02-18T06:40:03.663800
149;A;3;12;processing;2022-02-18T14:28:13.686800
693;C;1;58;storing_job;2022-02-18T09:11:26.321800
694;C;5;52;fetching_job;2022-02-18T08:10:43.784200
1384;B;6;30;waiting_on_precedent;2022-02-18T11:27:49.107200
162;A;1;12;fetching_job;2022-02-18T10:36:19.357000
697;C;7;55;processing;2022-02-18T09:34:11.844400
698;C;2;54;waiting_on_precedent;2022-02-18T07:47:34.003600
174;A;2;12;processing;2022-02-18T13:16:52.760200
700;C;3;40;processing;2022-02-18T01:48:37.740800
701;C;6;64;fetching_job;2022-02-18T12:54:36.189200
702;C;4;47;fetching_job;2022-02-18T05:47:34.967600
703;C;5;53;fetching_job;2022-02-18T08:33:39.259600
704;D;4;66;fetching_job;2022-02-18T02:13:05.291200
705;C;5;61;fetching_job;2022-02-18T11:26:09.792000
17;B;2;31;storing_job;2022-02-18T09:42:00.794400
707;C;3;65;processing;2022-02-18T12:20:59.468000
202;B;1;31;fetching_job;2022-02-18T06:51:04.409000
709;D;3;70;fetching_job;2022-02-18T03:34:52.722199
710;D;4;71;processing;2022-02-18T04:38:02.508999
411;A;3;12;processing;2022-02-18T14:28:13.686800
712;C;2;53;storing_job;2022-02-18T07:42:48.003600
300;B;5;31;processing;2022-02-18T12:08:03.672000
714;C;2;42;storing_job;2022-02-18T02:41:11.829400
306;B;2;31;fetching_job;2022-02-18T09:12:25.982600
716;C;6;55;processing;2022-02-18T09:24:39.844400
628;A;2;12;fetching_job;2022-02-18T13:06:40.760200
390;B;5;31;storing_job;2022-02-18T12:47:12.891600
939;A;1;12;processing;2022-02-18T10:46:31.357000
720;C;4;56;waiting_on_precedent;2022-02-18T08:51:43.654600
721;C;5;45;fetching_job;2022-02-18T05:47:34.967600
722;C;3;53;storing_job;2022-02-18T08:05:57.784200
723;C;6;48;fetching_job;2022-02-18T06:40:03.663800
983;A;1;12;storing_job;2022-02-18T11:35:01.227600
424;B;3;31;processing;2022-02-18T09:58:26.129000
489;B;3;31;storing_job;2022-02-18T10:17:11.107400
727;C;4;59;waiting_on_precedent;2022-02-18T10:17:56.744600
1245;A;3;12;waiting_on_precedent;2022-02-18T13:51:18.897000
1252;A;1;12;waiting_on_next;2022-02-18T10:57:25.577000
517;B;2;31;processing;2022-02-18T09:19:03.982600
731;C;1;42;fetching_job;2022-02-18T02:04:10.067000
732;C;7;46;fetching_job;2022-02-18T06:33:16.381600
1338;A;2;12;processing;2022-02-18T13:16:52.760200
734;C;3;64;fetching_job;2022-02-18T11:57:37.870400
735;C;3;55;fetching_job;2022-02-18T08:21:05.852400
736;D;1;73;processing;2022-02-18T03:33:44.039800
1366;A;1;12;storing_job;2022-02-18T11:35:01.227600
556;B;3;31;fetching_job;2022-02-18T09:51:48.129000
739;C;1;48;fetching_job;2022-02-18T04:08:43.285999
740;C;7;53;waiting_on_precedent;2022-02-18T08:47:57.259600
741;D;1;68;processing;2022-02-18T01:45:59.539600
742;C;2;49;fetching_job;2022-02-18T04:43:12.355599
725;B;1;31;fetching_job;2022-02-18T06:51:04.409000
744;C;5;40;fetching_job;2022-02-18T02:02:55.740800
749;B;5;31;fetching_job;2022-02-18T12:01:25.672000
754;B;5;31;waiting_on_precedent;2022-02-18T11:58:08.984600
141;A;3;13;processing;2022-02-18T15:17:29.271200
748;C;2;49;processing;2022-02-18T04:47:58.355599
770;B;4;31;processing;2022-02-18T11:24:55.427000
222;A;2;13;fetching_job;2022-02-18T14:18:01.686800
751;C;4;59;processing;2022-02-18T10:33:45.552200
250;A;3;13;waiting_on_precedent;2022-02-18T15:00:20.120400
753;C;2;64;processing;2022-02-18T11:28:44.660999
967;B;1;31;waiting_on_next;2022-02-18T06:57:42.409000
333;A;3;13;fetching_job;2022-02-18T15:07:17.271200
756;C;5;57;processing;2022-02-18T09:52:28.576400
757;C;2;64;fetching_job;2022-02-18T11:23:58.660999
758;C;7;55;fetching_job;2022-02-18T09:29:25.844400
759;C;3;41;storing_job;2022-02-18T02:18:28.067000
760;C;6;58;processing;2022-02-18T10:48:58.492800
761;D;4;71;fetching_job;2022-02-18T04:34:42.508999
1029;B;1;31;storing_job;2022-02-18T07:37:48.612800
763;C;4;63;fetching_job;2022-02-18T11:57:37.870400
1071;B;3;31;storing_job;2022-02-18T10:17:11.107400
1077;B;4;31;fetching_job;2022-02-18T11:18:17.427000
766;C;6;50;processing;2022-02-18T07:31:04.456599
767;C;4;57;fetching_job;2022-02-18T09:27:26.842400
768;C;3;52;waiting_on_precedent;2022-02-18T07:37:21.472200
769;C;2;48;fetching_job;2022-02-18T04:33:40.355599
1098;B;4;31;storing_job;2022-02-18T11:54:47.672000
771;D;1;70;processing;2022-02-18T02:37:32.033600
772;C;2;47;storing_job;2022-02-18T04:28:54.355599
773;C;6;52;waiting_on_precedent;2022-02-18T08:17:55.116400
774;C;4;65;waiting_on_precedent;2022-02-18T12:25:45.468000
775;C;6;46;storing_job;2022-02-18T06:11:24.967600
776;C;7;61;fetching_job;2022-02-18T12:11:55.974400
777;D;2;68;storing_job;2022-02-18T02:17:39.201400
778;C;6;41;processing;2022-02-18T02:47:04.067000
1149;B;6;31;fetching_job;2022-02-18T12:53:50.891600
780;D;2;71;fetching_job;2022-02-18T03:14:11.831800
781;C;5;64;processing;2022-02-18T12:30:31.468000
782;C;6;44;fetching_job;2022-02-18T05:47:34.967600
783;C;2;54;fetching_job;2022-02-18T07:49:40.366200
784;C;4;64;waiting_on_precedent;2022-02-18T12:07:09.870400
1202;B;6;31;processing;2022-02-18T13:00:28.891600
1381;B;6;31;waiting_on_precedent;2022-02-18T12:33:55.112800
787;C;4;46;waiting_on_next;2022-02-18T04:48:41.479200
1404;B;1;31;processing;2022-02-18T06:57:42.409000
789;D;3;73;fetching_job;2022-02-18T06:19:26.441799
790;D;4;73;processing;2022-02-18T06:53:12.466199
3;B;6;32;processing;2022-02-18T13:25:22.458800
678;A;1;13;processing;2022-02-18T11:55:25.227600
793;C;2;57;fetching_job;2022-02-18T08:52:55.388600
947;A;2;13;storing_job;2022-02-18T14:57:05.271200
795;C;5;46;processing;2022-02-18T06:01:52.967600
83;B;4;32;fetching_job;2022-02-18T12:01:25.672000
161;B;3;32;storing_job;2022-02-18T11:23:06.973199
214;B;1;32;waiting_on_next;2022-02-18T08:12:38.705599
278;B;2;32;processing;2022-02-18T09:55:16.794400
393;B;2;32;storing_job;2022-02-18T10:48:55.482599
1023;A;1;13;processing;2022-02-18T11:55:25.227600
437;B;3;32;processing;2022-02-18T11:02:11.482599
439;B;5;32;storing_job;2022-02-18T13:00:28.891600
629;B;1;32;processing;2022-02-18T07:51:04.612800
805;C;4;54;processing;2022-02-18T08:37:25.654600
718;B;2;32;fetching_job;2022-02-18T09:48:38.794400
807;C;6;45;processing;2022-02-18T06:01:52.967600
808;C;2;59;processing;2022-02-18T09:41:49.818800
791;B;1;32;storing_job;2022-02-18T08:29:37.068400
810;C;1;49;storing_job;2022-02-18T04:35:18.003799
811;C;2;51;storing_job;2022-02-18T07:08:42.776000
806;B;5;32;fetching_job;2022-02-18T12:53:50.891600
813;B;4;32;storing_job;2022-02-18T12:33:58.789200
814;C;2;43;storing_job;2022-02-18T03:07:20.425000
815;C;1;64;processing;2022-02-18T11:01:34.076199
816;C;2;40;storing_job;2022-02-18T01:39:05.740800
817;C;4;51;fetching_job;2022-02-18T07:37:21.472200
818;C;1;65;fetching_job;2022-02-18T11:23:58.660999
832;B;3;32;waiting_on_precedent;2022-02-18T10:23:49.107400
951;B;1;32;processing;2022-02-18T07:51:04.612800
821;C;6;59;fetching_job;2022-02-18T10:59:20.665000
822;C;3;44;processing;2022-02-18T03:43:29.631000
823;C;6;47;fetching_job;2022-02-18T06:16:10.967600
824;C;5;64;fetching_job;2022-02-18T12:25:45.468000
825;C;2;65;processing;2022-02-18T11:56:33.393000
1005;B;3;32;fetching_job;2022-02-18T10:55:33.482599
827;C;2;63;processing;2022-02-18T11:01:34.076199
1060;A;2;13;processing;2022-02-18T14:28:13.686800
829;C;2;61;waiting_on_precedent;2022-02-18T10:14:50.777000
830;C;5;50;fetching_job;2022-02-18T06:59:55.555800
1018;B;4;32;processing;2022-02-18T12:08:03.672000
1096;B;1;32;fetching_job;2022-02-18T07:44:26.612800
833;C;5;57;storing_job;2022-02-18T09:52:28.576400
1146;A;1;13;storing_job;2022-02-18T12:12:47.487000
1133;B;5;32;processing;2022-02-18T13:00:28.891600
836;C;1;48;processing;2022-02-18T04:13:29.285999
1136;B;6;32;fetching_job;2022-02-18T13:18:44.458800
1257;A;1;13;fetching_job;2022-02-18T11:45:13.227600
1352;B;3;32;waiting_on_precedent;2022-02-18T10:23:49.107400
840;C;2;45;storing_job;2022-02-18T03:43:17.710000
107;B;3;33;fetching_job;2022-02-18T11:36:12.833399
842;C;4;51;waiting_on_precedent;2022-02-18T06:40:17.969000
843;C;1;40;storing_job;2022-02-18T01:29:33.740800
120;A;3;14;processing;2022-02-18T16:26:28.656400
845;C;4;57;waiting_on_precedent;2022-02-18T09:18:25.629000
127;B;5;33;processing;2022-02-18T13:36:32.512400
847;C;2;63;fetching_job;2022-02-18T10:56:48.076199
848;C;4;50;storing_job;2022-02-18T06:35:31.969000
267;B;1;33;fetching_job;2022-02-18T08:36:15.068400
850;C;3;41;fetching_job;2022-02-18T02:13:42.067000
851;D;3;68;processing;2022-02-18T02:50:08.931399
315;B;3;33;waiting_on_precedent;2022-02-18T11:29:44.973199
319;B;3;33;processing;2022-02-18T11:42:50.833399
854;C;3;52;storing_job;2022-02-18T07:56:25.784200
855;C;2;51;processing;2022-02-18T06:50:59.422800
856;C;2;45;fetching_job;2022-02-18T03:38:31.710000
857;C;4;55;storing_job;2022-02-18T08:46:57.654600
238;A;2;14;processing;2022-02-18T15:17:29.271200
332;B;6;33;waiting_on_precedent;2022-02-18T13:25:22.458800
369;B;5;33;storing_job;2022-02-18T14:11:04.163800
861;C;1;47;storing_job;2022-02-18T04:03:57.285999
862;C;2;43;fetching_job;2022-02-18T03:02:34.425000
863;C;5;62;processing;2022-02-18T11:49:36.158000
864;C;2;46;fetching_job;2022-02-18T03:59:11.285999
422;B;4;33;storing_job;2022-02-18T13:23:16.512400
866;C;5;48;storing_job;2022-02-18T06:35:17.663800
867;C;4;50;processing;2022-02-18T06:35:31.969000
429;B;6;33;fetching_job;2022-02-18T14:17:42.163800
869;D;1;71;processing;2022-02-18T02:53:01.326000
870;C;1;62;fetching_job;2022-02-18T10:23:30.532600
298;A;1;14;fetching_job;2022-02-18T12:22:59.487000
872;C;1;64;storing_job;2022-02-18T11:19:12.660999
463;B;3;33;fetching_job;2022-02-18T11:36:12.833399
525;B;4;33;fetching_job;2022-02-18T12:40:36.789200
381;A;1;14;waiting_on_next;2022-02-18T13:01:57.556800
430;A;2;14;storing_job;2022-02-18T16:06:04.656400
542;B;1;33;processing;2022-02-18T08:42:53.068400
878;C;2;52;processing;2022-02-18T07:18:14.776000
592;B;2;33;processing;2022-02-18T11:02:11.482599
672;B;5;33;fetching_job;2022-02-18T13:29:54.512400
841;B;2;33;storing_job;2022-02-18T11:29:34.833399
882;C;4;41;waiting_on_precedent;2022-02-18T02:02:55.740800
883;C;3;45;processing;2022-02-18T04:12:17.967999
884;C;4;58;processing;2022-02-18T09:56:12.691200
885;C;4;40;waiting_on_precedent;2022-02-18T01:00:00
486;A;3;14;fetching_job;2022-02-18T16:16:16.656400
887;C;5;54;storing_job;2022-02-18T08:47:57.259600
860;B;5;33;waiting_on_precedent;2022-02-18T13:07:06.891600
889;D;2;68;fetching_job;2022-02-18T02:02:02.483600
890;C;2;61;storing_job;2022-02-18T10:28:16.532600
891;C;7;57;waiting_on_precedent;2022-02-18T10:37:15.361800
948;B;1;33;storing_job;2022-02-18T09:19:03.982600
893;C;3;57;processing;2022-02-18T09:07:13.388600
792;A;1;14;storing_job;2022-02-18T13:16:52.760200
895;C;6;40;fetching_job;2022-02-18T02:12:27.740800
896;C;1;65;idle;2022-02-18T11:51:47.393000
1100;B;4;33;processing;2022-02-18T12:47:14.789200
898;C;6;45;storing_job;2022-02-18T06:01:52.967600
899;D;2;73;storing_job;2022-02-18T04:12:35.241800
900;C;1;56;processing;2022-02-18T08:03:58.366200
1237;B;1;33;waiting_on_next;2022-02-18T09:03:17.309600
997;A;1;14;processing;2022-02-18T12:33:11.487000
1337;B;6;33;processing;2022-02-18T14:24:20.163800
1356;B;2;33;fetching_job;2022-02-18T10:55:33.482599
905;C;1;40;processing;2022-02-18T01:04:46
1190;A;3;14;waiting_on_precedent;2022-02-18T15:41:57.993000
1194;A;2;14;fetching_job;2022-02-18T15:07:17.271200
1401;B;3;33;storing_job;2022-02-18T12:02:47.501599
909;C;2;55;fetching_job;2022-02-18T07:59:12.366200
19;A;1;15;processing;2022-02-18T13:37:16.760200
911;C;7;40;processing;2022-02-18T02:26:45.740800
912;C;4;54;storing_job;2022-02-18T08:37:25.654600
913;D;3;68;storing_job;2022-02-18T03:04:46.316999
914;D;1;68;storing_job;2022-02-18T01:58:42.483600
915;C;1;50;storing_job;2022-02-18T05:02:28.588600
916;D;2;67;storing_job;2022-02-18T01:54:08.300600
4;B;6;34;processing;2022-02-18T15:10:50.610800
918;C;1;49;processing;2022-02-18T04:35:18.003799
919;D;3;72;processing;2022-02-18T04:35:51.105199
920;C;1;44;storing_job;2022-02-18T03:07:20.425000
921;D;2;67;processing;2022-02-18T01:45:59.539600
922;C;5;57;fetching_job;2022-02-18T09:47:42.576400
923;D;1;70;fetching_job;2022-02-18T02:34:12.033600
194;B;3;34;processing;2022-02-18T12:16:03.501599
232;B;4;34;processing;2022-02-18T13:36:32.512400
926;C;6;65;processing;2022-02-18T13:28:12.910400
272;B;2;34;fetching_job;2022-02-18T11:36:12.833399
928;C;3;44;storing_job;2022-02-18T04:02:45.967999
187;A;1;15;fetching_job;2022-02-18T13:27:04.760200
930;C;6;54;fetching_job;2022-02-18T08:52:43.259600
931;C;3;41;waiting_on_precedent;2022-02-18T01:53:23.740800
932;C;7;41;processing;2022-02-18T02:56:36.067000
285;B;5;34;processing;2022-02-18T14:24:20.163800
934;C;5;61;storing_job;2022-02-18T11:40:04.158000
935;C;2;44;fetching_job;2022-02-18T03:12:06.425000
936;C;1;65;processing;2022-02-18T11:28:44.660999
937;C;6;63;fetching_job;2022-02-18T12:25:40.699600
938;C;6;65;idle;2022-02-18T13:32:58.910400
752;A;1;15;storing_job;2022-02-18T14:36:39.980200
940;D;3;66;storing_job;2022-02-18T02:09:45.291199
941;C;5;52;storing_job;2022-02-18T08:28:53.259600
942;C;7;43;fetching_job;2022-02-18T05:47:34.967600
304;B;6;34;waiting_on_precedent;2022-02-18T14:42:17.349000
944;C;6;42;fetching_job;2022-02-18T03:14:33.829400
945;C;5;53;storing_job;2022-02-18T08:38:25.259600
876;A;3;15;processing;2022-02-18T17:35:39.070800
1024;A;3;15;waiting_on_precedent;2022-02-18T17:09:46.033000
326;B;1;34;processing;2022-02-18T09:32:19.982600
1151;A;2;15;processing;2022-02-18T16:26:28.656400
403;B;3;34;storing_job;2022-02-18T12:45:42.879199
415;B;1;34;storing_job;2022-02-18T09:55:16.794400
952;C;6;54;storing_job;2022-02-18T09:15:07.844400
953;C;7;56;fetching_job;2022-02-18T10:15:19.387400
954;C;7;64;waiting_on_precedent;2022-02-18T12:54:45.622000
435;B;1;34;waiting_on_next;2022-02-18T09:45:02.835600
956;C;6;56;processing;2022-02-18T09:52:28.576400
957;C;6;64;storing_job;2022-02-18T13:18:40.910400
958;D;2;70;processing;2022-02-18T02:56:52.593400
959;C;3;45;fetching_job;2022-02-18T04:07:31.967999
960;C;1;49;fetching_job;2022-02-18T04:30:32.003799
961;C;2;46;waiting_on_precedent;2022-02-18T03:48:03.710000
962;C;1;47;processing;2022-02-18T04:03:57.285999
642;B;2;34;storing_job;2022-02-18T11:42:50.833399
964;C;3;53;fetching_job;2022-02-18T08:01:11.784200
1236;A;2;15;fetching_job;2022-02-18T16:16:16.656400
661;B;3;34;storing_job;2022-02-18T12:45:42.879199
788;B;2;34;processing;2022-02-18T11:42:50.833399
968;C;4;51;storing_job;2022-02-18T07:42:07.472200
969;C;3;49;fetching_job;2022-02-18T05:06:48.362399
970;C;4;52;storing_job;2022-02-18T08:05:57.784200
971;C;4;48;storing_job;2022-02-18T06:01:52.967600
1262;A;3;15;fetching_job;2022-02-18T17:25:27.070800
973;D;3;69;fetching_job;2022-02-18T03:08:06.316999
974;C;5;46;storing_job;2022-02-18T06:01:52.967600
975;C;4;45;processing;2022-02-18T04:21:49.967999
976;C;7;47;fetching_job;2022-02-18T06:56:28.650400
977;C;1;40;fetching_job;2022-02-18T01:00:00
978;C;6;56;waiting_on_precedent;2022-02-18T09:29:25.844400
796;B;3;34;fetching_job;2022-02-18T12:09:25.501599
980;C;3;50;fetching_job;2022-02-18T05:57:06.967600
1385;A;2;15;storing_job;2022-02-18T17:15:15.070800
982;C;4;54;storing_job;2022-02-18T08:37:25.654600
39;A;2;16;fetching_job;2022-02-18T17:25:27.070800
984;C;2;40;fetching_job;2022-02-18T01:34:19.740800
985;C;6;55;storing_job;2022-02-18T09:24:39.844400
986;C;1;43;fetching_job;2022-02-18T02:36:25.829400
846;B;4;34;storing_job;2022-02-18T14:02:07.409400
988;C;7;62;fetching_job;2022-02-18T12:32:11.812400
80;A;3;16;waiting_on_precedent;2022-02-18T18:07:54.695400
104;A;3;16;fetching_job;2022-02-18T18:37:22.923200
991;C;6;53;fetching_job;2022-02-18T08:43:11.259600
888;B;5;34;fetching_job;2022-02-18T14:17:42.163800
993;C;3;60;fetching_job;2022-02-18T10:28:59.552200
955;B;6;34;fetching_job;2022-02-18T15:04:12.610800
995;C;4;43;storing_job;2022-02-18T03:43:29.631000
1045;B;5;34;storing_job;2022-02-18T14:57:34.610800
121;A;2;16;storing_job;2022-02-18T18:27:10.923200
998;C;4;54;fetching_job;2022-02-18T08:32:39.654600
1063;B;6;34;fetching_job;2022-02-18T15:04:12.610800
1000;C;5;44;storing_job;2022-02-18T05:42:48.967600
1109;B;4;34;processing;2022-02-18T13:36:32.512400
276;A;3;16;processing;2022-02-18T18:47:34.923200
1003;C;1;61;processing;2022-02-18T10:10:04.777000
1256;B;4;34;fetching_job;2022-02-18T13:29:54.512400
1409;B;1;34;fetching_job;2022-02-18T09:25:41.982600
1006;C;1;42;processing;2022-02-18T02:08:56.067000
1007;C;5;41;waiting_on_precedent;2022-02-18T02:12:27.740800
351;A;3;16;processing;2022-02-18T18:47:34.923200
1009;C;4;53;storing_job;2022-02-18T08:27:53.654600
1010;C;6;43;storing_job;2022-02-18T05:42:48.967600
1011;C;5;63;processing;2022-02-18T12:11:55.870400
1012;C;3;55;storing_job;2022-02-18T08:25:51.852400
1013;C;1;50;fetching_job;2022-02-18T04:40:04.003799
1014;C;4;58;fetching_job;2022-02-18T09:51:26.691200
438;A;1;16;fetching_job;2022-02-18T14:46:51.980200
27;B;3;35;fetching_job;2022-02-18T12:52:20.879199
1017;C;3;56;processing;2022-02-18T08:51:24.685000
65;B;5;35;fetching_job;2022-02-18T15:04:12.610800
1019;C;1;60;processing;2022-02-18T09:41:49.818800
1020;C;5;45;processing;2022-02-18T05:52:20.967600
67;B;6;35;processing;2022-02-18T15:53:49.664800
1022;C;6;42;waiting_on_precedent;2022-02-18T02:51:50.067000
513;A;1;16;processing;2022-02-18T14:57:03.980200
677;A;2;16;processing;2022-02-18T17:35:39.070800
266;B;2;35;processing;2022-02-18T11:56:06.833399
724;A;1;16;storing_job;2022-02-18T15:33:00.188800
1345;A;1;16;storing_job;2022-02-18T15:33:00.188800
1028;C;7;40;waiting_on_precedent;2022-02-18T01:00:00
280;B;5;35;processing;2022-02-18T15:10:50.610800
1030;D;2;71;processing;2022-02-18T03:17:31.831800
25;A;2;17;storing_job;2022-02-18T19:31:08.843600
82;A;1;17;fetching_job;2022-02-18T15:43:12.188800
301;A;2;17;processing;2022-02-18T18:47:34.923200
1034;D;3;68;storing_job;2022-02-18T03:04:46.316999
1035;C;5;58;fetching_job;2022-02-18T10:17:56.744600
1036;C;3;47;waiting_on_precedent;2022-02-18T04:26:35.967999
1037;C;3;49;storing_job;2022-02-18T05:52:20.967600
1038;C;6;60;storing_job;2022-02-18T11:43:33.967600
356;B;5;35;storing_job;2022-02-18T15:40:33.664800
402;B;3;35;storing_job;2022-02-18T13:25:32.598600
1041;C;5;49;processing;2022-02-18T06:44:49.663800
1042;C;6;52;storing_job;2022-02-18T08:38:25.259600
1043;C;3;50;processing;2022-02-18T06:01:52.967600
407;A;1;17;storing_job;2022-02-18T16:26:28.656400
475;B;6;35;fetching_job;2022-02-18T15:47:11.664800
476;A;2;17;storing_job;2022-02-18T19:31:08.843600
692;A;1;17;waiting_on_next;2022-02-18T15:53:24.188800
563;B;4;35;fetching_job;2022-02-18T14:08:45.409400
1049;C;6;63;fetching_job;2022-02-18T12:25:40.699600
755;A;3;17;waiting_on_precedent;2022-02-18T19:16:44.889600
1051;C;4;58;storing_job;2022-02-18T10:13:10.744600
834;A;3;17;fetching_job;2022-02-18T19:41:20.843600
1053;C;6;58;fetching_job;2022-02-18T10:44:12.492800
602;B;1;35;waiting_on_next;2022-02-18T10:33:58.500400
858;A;1;17;processing;2022-02-18T15:53:24.188800
1056;C;1;55;storing_job;2022-02-18T07:54:26.366200
632;B;6;35;waiting_on_precedent;2022-02-18T15:36:53.080800
655;B;2;35;storing_job;2022-02-18T12:31:28.116200
1059;D;1;66;storing_job;2022-02-18T01:16:14.865000
886;A;3;17;waiting_on_precedent;2022-02-18T19:16:44.889600
1061;C;7;65;idle;2022-02-18T14:07:14.090800
695;B;2;35;fetching_job;2022-02-18T11:49:28.833399
1088;B;1;35;storing_job;2022-02-18T11:02:11.482599
1134;B;3;35;processing;2022-02-18T12:58:58.879199
946;A;3;17;processing;2022-02-18T19:51:32.843600
1066;C;5;59;fetching_job;2022-02-18T10:38:31.552200
1193;B;4;35;processing;2022-02-18T14:15:23.409400
1068;C;2;43;waiting_on_precedent;2022-02-18T02:45:57.829400
972;A;2;17;fetching_job;2022-02-18T18:37:22.923200
1070;C;3;61;fetching_job;2022-02-18T10:47:18.460400
1299;B;1;35;storing_job;2022-02-18T11:02:11.482599
291;A;1;18;storing_job;2022-02-18T17:35:39.070800
1073;C;4;51;processing;2022-02-18T07:42:07.472200
1074;C;4;46;storing_job;2022-02-18T05:42:48.967600
1075;C;4;42;waiting_on_precedent;2022-02-18T02:32:46.067000
1309;B;1;35;fetching_job;2022-02-18T10:01:54.794400
1322;B;4;35;storing_job;2022-02-18T14:54:43.658200
1363;B;1;35;processing;2022-02-18T10:08:32.794400
42;B;4;36;storing_job;2022-02-18T15:33:45.584400
447;A;3;18;waiting_on_precedent;2022-02-18T20:20:48.324600
1081;D;1;68;fetching_job;2022-02-18T01:42:39.539600
1082;C;7;51;waiting_on_precedent;2022-02-18T08:11:09.906399
1083;C;2;62;fetching_job;2022-02-18T10:33:02.532600
1084;C;7;48;fetching_job;2022-02-18T07:01:14.650400
1085;C;6;61;storing_job;2022-02-18T12:07:09.974400
479;A;2;18;fetching_job;2022-02-18T19:41:20.843600
1087;C;4;60;processing;2022-02-18T10:52:04.460400
75;B;3;36;fetching_job;2022-02-18T13:32:10.598600
910;A;3;18;fetching_job;2022-02-18T20:38:01.272400
142;B;3;36;storing_job;2022-02-18T14:07:45.697600
204;B;1;36;fetching_job;2022-02-18T11:08:49.482599
1092;D;2;68;storing_job;2022-02-18T02:17:39.201400
1093;C;2;48;processing;2022-02-18T04:38:26.355599
1094;C;2;57;waiting_on_precedent;2022-02-18T08:46:38.685000
218;B;2;36;processing;2022-02-18T12:44:44.116200
389;B;6;36;fetching_job;2022-02-18T16:30:25.424400
1097;C;5;40;storing_job;2022-02-18T02:07:41.740800
540;B;5;36;fetching_job;2022-02-18T15:47:11.664800
1099;C;1;64;fetching_job;2022-02-18T10:56:48.076199
549;B;2;36;storing_job;2022-02-18T13:25:12.378399
1101;C;5;56;storing_job;2022-02-18T09:42:56.576400
1102;C;1;59;processing;2022-02-18T09:20:58.321800
1103;C;2;63;waiting_on_precedent;2022-02-18T10:42:34.532600
1104;C;5;43;waiting_on_precedent;2022-02-18T03:14:33.829400
1105;D;2;70;storing_job;2022-02-18T03:10:51.831800
1106;C;7;53;fetching_job;2022-02-18T08:52:43.259600
627;B;6;36;waiting_on_precedent;2022-02-18T16:18:09.195600
1015;A;1;18;fetching_job;2022-02-18T16:36:40.656400
665;B;1;36;storing_job;2022-02-18T11:42:50.833399
1110;C;6;59;waiting_on_precedent;2022-02-18T10:53:44.492800
1111;C;4;56;storing_job;2022-02-18T09:13:39.629000
1032;A;1;18;waiting_on_next;2022-02-18T17:26:11.067000
715;B;4;36;processing;2022-02-18T15:07:59.658200
1114;C;6;46;processing;2022-02-18T06:11:24.967600
1115;C;2;61;storing_job;2022-02-18T10:28:16.532600
1116;D;2;67;processing;2022-02-18T01:45:59.539600
1117;D;2;73;fetching_job;2022-02-18T03:55:18.387600
809;B;2;36;fetching_job;2022-02-18T12:38:06.116200
927;B;5;36;storing_job;2022-02-18T16:23:47.424400
1046;A;3;18;fetching_job;2022-02-18T20:38:01.272400
1121;C;7;59;waiting_on_precedent;2022-02-18T11:10:47.210600
1047;A;2;18;storing_job;2022-02-18T20:27:49.272400
933;B;1;36;processing;2022-02-18T11:15:27.482599
1124;C;5;51;processing;2022-02-18T07:51:39.472200
1125;D;2;73;processing;2022-02-18T03:58:38.387600
996;B;4;36;fetching_job;2022-02-18T15:01:21.658200
1058;B;6;36;processing;2022-02-18T16:37:03.424400
1128;D;4;72;waiting_on_precedent;2022-02-18T04:56:59.772399
1086;A;1;18;processing;2022-02-18T16:46:52.656400
1130;C;6;54;processing;2022-02-18T08:57:29.259600
1131;D;4;69;fetching_job;2022-02-18T03:34:52.722199
1132;C;6;60;waiting_on_precedent;2022-02-18T11:20:57.461800
1118;B;5;36;processing;2022-02-18T15:53:49.664800
1123;B;1;36;fetching_job;2022-02-18T11:08:49.482599
1135;C;3;56;fetching_job;2022-02-18T08:46:38.685000
1351;B;1;36;waiting_on_next;2022-02-18T11:38:53.705599
1137;C;3;57;fetching_job;2022-02-18T09:02:27.388600
1138;C;6;62;fetching_job;2022-02-18T12:11:55.974400
1370;B;3;36;processing;2022-02-18T13:38:48.598600
1140;C;5;56;waiting_on_precedent;2022-02-18T09:17:18.871400
1141;C;2;47;fetching_job;2022-02-18T04:08:43.285999
1142;C;5;58;processing;2022-02-18T10:22:42.744600
1143;C;1;43;processing;2022-02-18T02:41:11.829400
1144;C;4;53;fetching_job;2022-02-18T08:10:43.784200
1145;C;5;43;waiting_on_precedent;2022-02-18T03:14:33.829400
1216;A;2;18;processing;2022-02-18T19:51:32.843600
1399;B;3;36;processing;2022-02-18T13:38:48.598600
1148;C;4;62;fetching_job;2022-02-18T11:29:25.296400
147;B;3;37;processing;2022-02-18T14:25:55.809599
1275;A;3;18;processing;2022-02-18T20:48:13.272400
358;A;1;19;waiting_on_next;2022-02-18T18:20:06.057800
1152;C;7;43;waiting_on_precedent;2022-02-18T03:28:51.829400
154;B;3;37;waiting_on_precedent;2022-02-18T14:14:23.697600
1154;C;7;58;processing;2022-02-18T10:58:30.492800
196;B;4;37;processing;2022-02-18T15:47:01.584400
433;A;1;19;fetching_job;2022-02-18T17:45:51.070800
1157;C;3;63;processing;2022-02-18T11:34:11.296400
1158;C;5;65;storing_job;2022-02-18T13:14:28.185200
1159;C;3;42;waiting_on_precedent;2022-02-18T02:23:14.067000
1160;C;2;55;storing_job;2022-02-18T08:16:19.852400
503;A;3;19;fetching_job;2022-02-18T21:44:20.734200
551;A;2;19;fetching_job;2022-02-18T20:38:01.272400
1163;C;6;49;fetching_job;2022-02-18T06:59:55.555800
1164;D;1;73;fetching_job;2022-02-18T03:30:24.039800
1165;C;2;59;storing_job;2022-02-18T09:57:00.583200
1166;D;4;66;waiting_on_precedent;2022-02-18T01:00:00
1167;C;6;43;fetching_job;2022-02-18T05:38:02.967600
1168;C;7;51;processing;2022-02-18T08:22:41.116400
1169;C;7;65;fetching_job;2022-02-18T13:47:50.705200
552;A;1;19;processing;2022-02-18T17:56:03.070800
1171;C;3;43;storing_job;2022-02-18T03:33:57.631000
564;A;1;19;processing;2022-02-18T17:56:03.070800
263;B;1;37;processing;2022-02-18T11:56:06.833399
1174;C;1;41;processing;2022-02-18T01:39:05.740800
284;B;1;37;storing_job;2022-02-18T12:21:39.892199
1176;C;7;59;processing;2022-02-18T11:25:43.461800
1177;C;7;51;fetching_job;2022-02-18T08:17:55.116400
335;B;6;37;fetching_job;2022-02-18T17:31:38.207400
1179;C;7;49;processing;2022-02-18T07:31:04.456599
1180;C;6;62;processing;2022-02-18T12:16:41.974400
1181;D;4;72;processing;2022-02-18T06:22:46.441799
1182;C;5;44;processing;2022-02-18T05:42:48.967600
416;B;5;37;fetching_job;2022-02-18T16:34:09.684800
1184;C;5;63;fetching_job;2022-02-18T12:07:09.870400
1185;C;4;60;waiting_on_precedent;2022-02-18T10:38:31.552200
1186;C;6;59;storing_job;2022-02-18T11:16:11.461800
1187;C;3;47;fetching_job;2022-02-18T04:33:40.355599
1188;C;4;43;fetching_job;2022-02-18T03:38:43.631000
419;B;4;37;fetching_job;2022-02-18T15:40:23.584400
603;A;2;19;storing_job;2022-02-18T21:34:08.734200
487;B;5;37;storing_job;2022-02-18T17:25:00.207400
1192;C;3;53;fetching_job;2022-02-18T08:01:11.784200
495;B;3;37;waiting_on_precedent;2022-02-18T14:14:23.697600
729;A;3;19;processing;2022-02-18T21:54:32.734200
1195;C;7;41;fetching_job;2022-02-18T02:51:50.067000
1196;C;3;55;processing;2022-02-18T08:25:51.852400
568;B;2;37;processing;2022-02-18T13:38:28.378399
637;B;5;37;processing;2022-02-18T16:40:47.684800
650;B;5;37;waiting_on_precedent;2022-02-18T16:30:25.424400
1200;C;2;47;processing;2022-02-18T04:13:29.285999
670;B;2;37;fetching_job;2022-02-18T13:31:50.378399
730;B;2;37;storing_job;2022-02-18T14:12:39.809599
799;B;6;37;processing;2022-02-18T17:38:16.207400
794;A;1;19;storing_job;2022-02-18T18:47:34.923200
1205;C;5;52;waiting_on_precedent;2022-02-18T07:56:25.472200
1080;A;3;19;waiting_on_precedent;2022-02-18T21:26:16.316800
1207;C;3;65;storing_job;2022-02-18T12:29:55.913000
1208;C;6;62;fetching_job;2022-02-18T12:11:55.974400
1209;C;1;51;fetching_job;2022-02-18T05:07:14.588600
1210;C;5;54;fetching_job;2022-02-18T08:43:11.259600
1211;C;7;62;processing;2022-02-18T12:36:57.812400
903;B;4;37;storing_job;2022-02-18T16:27:31.684800
1213;C;1;46;processing;2022-02-18T03:37:12.927399
1214;C;4;62;storing_job;2022-02-18T11:34:11.296400
1215;C;6;52;processing;2022-02-18T08:38:25.259600
1120;A;2;19;storing_job;2022-02-18T21:34:08.734200
1217;C;2;60;storing_job;2022-02-18T10:10:04.777000
1218;C;6;65;fetching_job;2022-02-18T13:23:26.910400
987;B;6;37;waiting_on_precedent;2022-02-18T16:54:38.551200
1319;B;3;37;fetching_job;2022-02-18T14:19:17.809599
1297;A;2;19;processing;2022-02-18T20:48:13.272400
216;A;3;20;processing;2022-02-18T22:57:00.582800
1223;C;6;59;processing;2022-02-18T11:04:06.665000
1224;D;3;72;processing;2022-02-18T04:35:51.105199
1329;B;3;37;storing_job;2022-02-18T14:25:55.809599
1390;B;1;37;fetching_job;2022-02-18T11:49:28.833399
56;B;6;38;processing;2022-02-18T19:09:17.191360
1228;D;2;66;fetching_job;2022-02-18T01:19:34.865000
454;A;3;20;waiting_on_precedent;2022-02-18T21:54:32.734200
1230;D;2;73;idle;2022-02-18T04:15:55.241800
1231;C;5;41;fetching_job;2022-02-18T02:32:46.067000
1232;C;2;50;fetching_job;2022-02-18T05:07:14.588600
1233;C;5;51;waiting_on_precedent;2022-02-18T07:22:34.341800
1234;C;3;46;processing;2022-02-18T04:21:49.967999
1235;C;5;44;fetching_job;2022-02-18T05:38:02.967600
684;A;1;20;processing;2022-02-18T19:07:58.923200
64;B;1;38;storing_job;2022-02-18T13:20:33.339639
1238;C;5;43;processing;2022-02-18T03:53:01.631000
1239;C;6;53;processing;2022-02-18T08:47:57.259600
1240;C;7;54;fetching_job;2022-02-18T09:19:53.844400
696;A;1;20;storing_job;2022-02-18T19:51:32.843600
1242;C;7;57;fetching_job;2022-02-18T10:44:12.492800
1243;C;6;47;storing_job;2022-02-18T06:32:33.154000
1244;C;3;51;waiting_on_precedent;2022-02-18T06:06:38.967600
1026;A;1;20;waiting_on_next;2022-02-18T19:36:11.905400
1246;C;7;55;waiting_on_precedent;2022-02-18T09:24:39.844400
1247;C;5;64;storing_job;2022-02-18T12:49:50.189200
1052;A;2;20;processing;2022-02-18T21:54:32.734200
1249;C;6;51;processing;2022-02-18T08:01:11.472200
103;B;2;38;fetching_job;2022-02-18T14:19:17.809599
1251;C;7;56;processing;2022-02-18T10:20:05.387400
1170;A;2;20;fetching_job;2022-02-18T21:44:20.734200
1253;C;3;56;processing;2022-02-18T08:51:24.685000
182;B;5;38;storing_job;2022-02-18T18:56:01.191360
1255;C;6;60;processing;2022-02-18T11:30:55.792000
190;B;2;38;processing;2022-02-18T14:25:55.809599
1241;A;3;20;fetching_job;2022-02-18T22:46:48.582800
1258;C;4;56;storing_job;2022-02-18T09:13:39.629000
260;B;4;38;processing;2022-02-18T16:47:40.912160
1260;C;6;56;fetching_job;2022-02-18T09:47:42.576400
1261;D;3;69;processing;2022-02-18T03:11:26.316999
1263;A;1;20;storing_job;2022-02-18T19:51:32.843600
1350;A;2;20;storing_job;2022-02-18T22:36:36.582800
511;B;3;38;processing;2022-02-18T15:46:10.850080
1265;C;3;59;fetching_job;2022-02-18T10:01:46.583200
1266;C;1;53;storing_job;2022-02-18T07:18:36.233800
576;B;3;38;waiting_on_precedent;2022-02-18T14:32:33.809599
1268;C;4;52;fetching_job;2022-02-18T08:01:11.784200
609;B;4;38;fetching_job;2022-02-18T16:41:02.912160
1270;D;1;72;processing;2022-02-18T03:16:41.763600
1271;D;1;73;idle;2022-02-18T03:53:14.409200
1272;C;5;59;storing_job;2022-02-18T10:54:34.665000
1273;C;3;46;storing_job;2022-02-18T04:21:49.967999
1274;D;4;67;fetching_job;2022-02-18T02:46:48.931399
1367;A;1;20;fetching_job;2022-02-18T18:57:46.923200
1276;C;5;49;storing_job;2022-02-18T06:55:09.555800
33;A;3;21;fetching_job;2022-02-18T23:42:13.645400
622;B;5;38;processing;2022-02-18T17:55:39.202080
1279;C;6;44;storing_job;2022-02-18T05:52:20.967600
1280;C;3;63;storing_job;2022-02-18T11:52:51.870400
1281;C;6;63;processing;2022-02-18T12:30:26.699600
1282;C;2;59;fetching_job;2022-02-18T09:37:03.818800
708;B;5;38;waiting_on_precedent;2022-02-18T17:31:38.207400
765;B;4;38;fetching_job;2022-02-18T16:41:02.912160
1285;C;3;48;fetching_job;2022-02-18T04:43:12.355599
877;B;1;38;fetching_job;2022-02-18T12:28:17.892199
40;A;2;21;fetching_job;2022-02-18T22:46:48.582800
1064;B;3;38;processing;2022-02-18T15:46:10.850080
1289;C;7;44;processing;2022-02-18T06:01:52.967600
1290;D;4;67;processing;2022-02-18T02:50:08.931399
1067;B;6;38;waiting_on_precedent;2022-02-18T17:38:16.207400
1292;C;1;44;fetching_job;2022-02-18T03:02:34.425000
1293;C;1;45;storing_job;2022-02-18T03:27:40.927399
1294;D;2;68;waiting_on_precedent;2022-02-18T01:57:28.300600
1295;C;1;53;processing;2022-02-18T07:00:31.422800
1296;C;4;44;waiting_on_precedent;2022-02-18T03:48:15.631000
45;A;3;21;processing;2022-02-18T23:52:25.645400
1298;C;2;65;storing_job;2022-02-18T11:56:33.393000
1119;B;1;38;processing;2022-02-18T12:34:55.892199
1300;C;4;42;fetching_job;2022-02-18T02:55:29.829400
1301;C;7;60;waiting_on_precedent;2022-02-18T11:25:43.461800
1302;C;7;46;processing;2022-02-18T06:38:02.381600
1303;C;6;61;processing;2022-02-18T11:53:05.967600
1304;D;4;69;waiting_on_precedent;2022-02-18T03:25:11.250199
1305;D;2;68;processing;2022-02-18T02:05:22.483600
1306;C;2;51;waiting_on_precedent;2022-02-18T05:32:40.268600
116;A;1;21;processing;2022-02-18T20:11:56.843600
1308;D;1;66;fetching_job;2022-02-18T01:00:00
1147;B;6;38;fetching_job;2022-02-18T19:02:39.191360
1310;C;1;59;fetching_job;2022-02-18T09:16:12.321800
1311;D;2;72;storing_job;2022-02-18T03:51:58.387600
1153;B;3;38;fetching_job;2022-02-18T15:39:32.850080
1313;C;7;56;waiting_on_precedent;2022-02-18T09:34:11.844400
224;A;1;21;processing;2022-02-18T20:11:56.843600
336;A;1;21;storing_job;2022-02-18T20:48:13.272400
1183;B;4;38;storing_job;2022-02-18T17:42:23.202080
1317;D;3;70;processing;2022-02-18T03:38:12.722199
1318;D;3;66;fetching_job;2022-02-18T01:41:39.934600
1269;B;5;38;fetching_job;2022-02-18T17:49:01.202080
1320;C;6;43;waiting_on_precedent;2022-02-18T03:24:05.829400
1321;C;3;50;storing_job;2022-02-18T06:01:52.967600
1283;B;2;38;storing_job;2022-02-18T15:32:54.850080
1323;B;3;38;storing_job;2022-02-18T16:34:24.912160
1324;C;1;57;fetching_job;2022-02-18T08:26:25.335200
1403;B;4;38;waiting_on_precedent;2022-02-18T16:34:09.684800
1326;C;5;65;fetching_job;2022-02-18T12:54:36.189200
1327;D;3;66;waiting_on_precedent;2022-02-18T01:00:00
1;B;3;39;processing;2022-02-18T16:47:40.912160
86;B;4;39;storing_job;2022-02-18T19:06:07.797360
89;B;5;39;processing;2022-02-18T19:19:23.797360
1331;C;5;52;processing;2022-02-18T08:15:29.784200
1332;C;4;50;fetching_job;2022-02-18T06:30:45.969000
1333;C;1;62;processing;2022-02-18T10:28:16.532600
153;B;4;39;waiting_on_precedent;2022-02-18T17:49:01.202080
1335;C;2;62;storing_job;2022-02-18T10:37:48.532600
1336;D;2;66;storing_job;2022-02-18T01:38:19.934600
176;B;3;39;fetching_job;2022-02-18T16:41:02.912160
410;A;2;21;processing;2022-02-18T22:57:00.582800
1339;C;7;52;fetching_job;2022-02-18T08:43:11.259600
1340;C;6;52;fetching_job;2022-02-18T08:33:39.259600
1341;C;3;42;processing;2022-02-18T02:50:43.829400
1342;C;4;42;storing_job;2022-02-18T03:00:15.829400
1343;C;4;52;waiting_on_precedent;2022-02-18T07:46:53.472200
465;A;3;21;idle;2022-02-19T00:31:47.732400
689;A;3;21;idle;2022-02-19T00:31:47.732400
1346;C;2;48;storing_job;2022-02-18T04:38:26.355599
1347;C;1;62;storing_job;2022-02-18T10:28:16.532600
1348;C;5;58;waiting_on_precedent;2022-02-18T09:57:14.576400
906;A;3;21;waiting_on_precedent;2022-02-18T23:28:48.634400
929;A;1;21;idle;2022-02-18T20:58:25.272400
186;B;2;39;processing;2022-02-18T15:46:10.850080
240;B;6;39;waiting_on_precedent;2022-02-18T19:48:41.851840
1353;C;3;52;processing;2022-02-18T07:42:48.003600
1354;D;2;71;storing_job;2022-02-18T03:29:36.628600
378;B;4;39;processing;2022-02-18T17:58:24.640080
399;B;1;39;processing;2022-02-18T13:33:49.339639
1357;C;2;64;processing;2022-02-18T11:28:44.660999
1358;C;1;61;fetching_job;2022-02-18T10:05:18.777000
1359;C;5;65;processing;2022-02-18T12:59:22.189200
1360;D;2;72;processing;2022-02-18T03:36:16.628600
1361;C;3;41;processing;2022-02-18T02:18:28.067000
459;B;3;39;storing_job;2022-02-18T17:45:08.640080
488;B;6;39;waiting_on_precedent;2022-02-18T19:48:41.851840
1364;C;2;57;storing_job;2022-02-18T08:57:41.388600
1365;C;2;41;storing_job;2022-02-18T02:08:56.067000
1055;A;1;21;waiting_on_next;2022-02-18T20:44:10.630000
1122;A;2;21;storing_job;2022-02-18T23:32:01.645400
1368;C;2;45;processing;2022-02-18T03:43:17.710000
1369;C;4;44;storing_job;2022-02-18T04:12:17.967999
506;B;2;39;idle;2022-02-18T15:52:48.850080
1371;C;1;54;processing;2022-02-18T07:28:08.233800
1372;C;7;50;fetching_job;2022-02-18T07:50:58.836799
1156;A;1;21;fetching_job;2022-02-18T20:01:44.843600
1374;C;3;43;waiting_on_precedent;2022-02-18T02:55:29.829400
1375;D;1;70;storing_job;2022-02-18T02:46:21.326000
593;B;5;39;waiting_on_precedent;2022-02-18T19:02:39.191360
1377;C;1;55;processing;2022-02-18T07:54:26.366200
1378;D;3;71;storing_job;2022-02-18T04:29:11.105199
645;B;5;39;idle;2022-02-18T20:21:03.939839
1380;C;1;54;storing_job;2022-02-18T07:44:54.366200
660;B;5;39;storing_job;2022-02-18T20:14:25.939839
1382;C;1;52;storing_job;2022-02-18T06:50:59.422800
713;B;1;39;idle;2022-02-18T14:24:25.524279
803;B;1;39;fetching_job;2022-02-18T13:27:11.339639
1307;A;2;21;idle;2022-02-18T23:42:13.645400
1386;C;7;58;fetching_job;2022-02-18T10:53:44.492800
1387;C;7;61;waiting_on_precedent;2022-02-18T11:53:05.967600
1388;C;7;41;waiting_on_precedent;2022-02-18T02:26:45.740800
859;B;2;39;fetching_job;2022-02-18T15:39:32.850080
897;B;2;39;storing_job;2022-02-18T15:46:10.850080
992;B;3;39;idle;2022-02-18T17:51:46.640080
1392;C;6;65;processing;2022-02-18T13:28:12.910400
1393;C;2;58;waiting_on_precedent;2022-02-18T09:02:27.388600
1394;C;6;45;fetching_job;2022-02-18T05:57:06.967600
1025;B;5;39;fetching_job;2022-02-18T19:12:45.797360
1396;C;2;56;processing;2022-02-18T08:31:11.335200
1079;B;4;39;fetching_job;2022-02-18T17:51:46.640080
1398;C;5;51;fetching_job;2022-02-18T07:46:53.472200
1126;B;6;39;processing;2022-02-18T20:27:41.939839
1400;C;6;42;processing;2022-02-18T03:19:19.829400
1191;B;1;39;storing_job;2022-02-18T14:17:47.524279
1402;C;4;44;fetching_job;2022-02-18T04:07:31.967999
1220;B;6;39;idle;2022-02-18T21:09:03.509840
1267;B;5;39;waiting_on_precedent;2022-02-18T19:02:39.191360
1405;C;3;45;processing;2022-02-18T04:12:17.967999
1406;C;6;51;waiting_on_precedent;2022-02-18T07:50:58.836799
1407;C;6;57;storing_job;2022-02-18T10:39:26.492800
1408;C;7;65;processing;2022-02-18T13:52:36.705200
1397;B;6;39;fetching_job;2022-02-18T20:21:03.939839
1410;B;4;39;idle;2022-02-18T19:12:45.797360
1411;C;2;58;fetching_job;2022-02-18T09:16:12.321800
